{"martians": 330.6312051270939, "pit": 164.27588179270703, "martian": 160.11699870934734, "cylinder": 131.00481712582965, "hill": 118.52816787575064, "soveraign": 1023.0852385064792, "hath": 927.4309275892067, "law": 902.4776290890487, "common-wealth": 867.1271228804915, "onely": 856.7299151720923, "stephen": 1000.211381548001, "john": 401.3322175442083, "don\u2019t": 363.90226979397124, "dedalus": 332.71064666877373, "mr": 331.3525586182436, "alice": 345.1872959188527, "gutenberg-tm": 116.4487263340708, "rabbit": 62.383246250395075, "electronic": 56.144921625355565, "[illustration]": 45.747713916956386, "justice": 496.2933812809208, "yes": 456.0856026504527, "plato": 447.7730786417247, "evil": 313.30252561309527, "unjust": 295.2806989185367, "elizabeth": 804.0507294495366, "darcy": 711.1690072545039, "bennet": 578.0847485869944, "jane": 526.0987100449985, "bingley": 494.9070869198009, "jo": 2476.6148761406844, "meg": 1278.856548133099, "amy": 1141.6134063822299, "laurie": 1091.7068093819137, "beth": 815.1410843384956, "thy": 912.1712053009054, "achilles": 829.6971751302544, "hector": 750.6783965464207, "thou": 474.11267150300256, "trojan": 467.87434687796303}