{"martians": 334.7900882104536, "pit": 170.51420641774652, "martian": 162.19644025102718, "cylinder": 133.0842586675095, "hill": 118.52816787575064, "soveraign": 1033.4824462148783, "hath": 927.4309275892067, "law": 914.9542783391278, "common-wealth": 898.318746005689, "onely": 858.8093567137722, "stephen": 1048.0385370066372, "mr": 535.1096233922777, "john": 405.49110062756796, "don\u2019t": 382.61724366908976, "o": 358.0026773492801, "alice": 349.3461790022124, "gutenberg-tm": 116.4487263340708, "rabbit": 64.4626877920749, "electronic": 56.144921625355565, "duchess": 43.66827237527655, "justice": 496.2933812809208, "plato": 450.5456673639644, "virtue": 316.07511433533506, "evil": 313.30252561309527, "unjust": 295.2806989185367, "elizabeth": 810.982201255136, "darcy": 758.99616271314, "bennet": 607.196930170512, "jane": 540.6548008367573, "jo": 2593.063602474755, "meg": 1316.286495883336, "amy": 1187.3611202991863, "laurie": 1137.45452329887, "beth": 860.888798255452, "thy": 924.9219855900578, "achilles": 869.2065644221714, "hector": 773.5522535048989, "jove": 501.8385587254004, "thou": 483.8167320308418}