{"martians": 330.6312051270939, "martian": 106.74466580623158, "woking": 103.97207708399179, "pit": 77.48551098792638, "heat-ray": 70.70101241711441, "soveraign": 1023.0852385064792, "common-wealth": 867.1271228804915, "onely": 856.7299151720923, "civill": 675.8185010459466, "kingdome": 592.6408393787532, "stephen": 1000.211381548001, "bloom": 614.1284019761115, "j": 365.9817113356511, "don\u2019t": 361.8228282522914, "dedalus": 332.71064666877373, "alice": 230.12486394590184, "[illustration]": 45.747713916956386, "rabbit": 29.424877590351784, "mouse": 23.53990207228143, "caterpillar": 19.408121055678468, "republic": 228.73856958478194, "thrasymachus": 178.8319725844659, "glaucon": 178.8319725844659, "plato": 151.81117224637262, "adeimantus": 149.71979100094816, "bennet": 576.0053070453145, "bingley": 494.9070869198009, "darcy": 474.11267150300256, "elizabeth": 402.0253647247683, "jane": 350.7324733633323, "jo": 1651.0765840937897, "meg": 1276.7771065914192, "amy": 1139.53396484055, "laurie": 1089.627367840234, "beth": 540.6548008367573, "hector": 500.4522643642805, "thy": 437.10337519853414, "achilles": 391.35087195167876, "o'er": 356.0410188432566, "jove": 330.53945826495175}